district,population,source_note
Innenstadt,10805,Stadt Goettingen Referat Statistik und Wahlen
Oststadt,16399,Stadt Goettingen Referat Statistik und Wahlen
Suedstadt,18654,Stadt Goettingen Referat Statistik und Wahlen
Weststadt,13462,Stadt Goettingen Referat Statistik und Wahlen
Nordstadt,11251,Stadt Goettingen Referat Statistik und Wahlen
Weende,18897,Stadt Goettingen Referat Statistik und Wahlen
Nikolausberg,3648,Stadt Goettingen Referat Statistik und Wahlen
Geismar,19305,Stadt Goettingen Referat Statistik und Wahlen
Grone,11951,Stadt Goettingen Referat Statistik und Wahlen
Herberhausen,1736,Stadt Goettingen Referat Statistik und Wahlen
Gross Ellershausen,1360,Stadt Goettingen Referat Statistik und Wahlen
Hetjershausen,1069,Stadt Goettingen Referat Statistik und Wahlen
Knutbuehren,162,Stadt Goettingen Referat Statistik und Wahlen
Elliehausen,3063,Stadt Goettingen Referat Statistik und Wahlen
Esebeck,640,Stadt Goettingen Referat Statistik und Wahlen
Holtensen,1876,Stadt Goettingen Referat Statistik und Wahlen
Deppoldshausen,19,Stadt Goettingen Referat Statistik und Wahlen
Roringen,1002,Stadt Goettingen Referat Statistik und Wahlen
